{"cameraMode":{"drawMode":0,"name":"Shaded","section":"Shading Mode"},"sceneLighting":false,"audioPlay":false,"sceneViewState":{"m_AlwaysRefresh":false,"showFog":true,"showSkybox":false,"showFlares":true,"showImageEffects":true,"showParticleSystems":true,"showVisualEffectGraphs":true,"m_FxEnabled":true},"in2DMode":false,"pivot":{"x":0.1747986078262329,"y":1.4872164726257325,"z":-0.44380927085876467},"rotation":{"x":0.04451604187488556,"y":-0.9484807252883911,"z":0.15538156032562257,"w":0.27336856722831728},"size":4.214862823486328,"orthographic":false}